[
    {
        "src": "http://untouchedcocktails.com/wp-content/uploads/2024/08/Chili-Citrus-Sour_EV-T.jpg",
        "cocktail": "Chili Citrus Sour",
        "pageCode": "EV-Everyday",
        "color": "Yellow/amber/blonde/gold",
        "glass": "Martini/manhattan",
        "garnish1": "Fruit: citrus",
        "garnish2": " placeholder ",
        "garnish3": " placeholder ",
        "base": "Whiskey/bourbon/rye/scotch",
        "ice": "ice",
        "tags": [
            "chili",
            "citrus",
            "lemon",
            "curl",
            "manhattan",
            "bourbon",
            "bitters",
            "seltzer"
        ]
    },
    {
        "src": "http://untouchedcocktails.com/wp-content/uploads/2024/09/Martini-Twist_EV-T.jpg",
        "cocktail": "Martini Twist",
        "pageCode": "EV-Everyday",
        "color": "Clear/silver",
        "glass": "Martini/manhattan",
        "garnish1": "Fruit: citrus",
        "garnish2": " placeholder ",
        "garnish3": " placeholder ",
        "base": "Gin/aquavit",
        "ice": "Sphere",
        "tags": [
            "gin",
            "vodka",
            "dry",
            "vermouth",
            "lemon",
            "peel",
            "sphere"
        ]
    },
    {
        "src": "http://untouchedcocktails.com/wp-content/uploads/2024/08/Standard-Old-Fashioned_EV-T.jpg",
        "cocktail": "Standard Old Fashioned",
        "pageCode": "EV-Everyday",
        "color": "Red/orange/auburn/copper",
        "glass": "Old-fashioned",
        "garnish1": "Candy",
        "garnish2": "Fruit: citrus",
        "garnish3": "\u00e2\u20ac\u2039placeholder",
        "base": "Whiskey/bourbon/rye/scotch",
        "ice": "Large cube",
        "tags": [
            "bourbon",
            "rye",
            "bitters",
            "soda",
            "fruit",
            "slices",
            "sugarstick"
        ]
    },
    {
        "src": "http://untouchedcocktails.com/wp-content/uploads/2024/09/Grapefruit-Spritz-Gimlet_EV-T.jpg",
        "cocktail": "Grapefruit Spritz Gimlet",
        "pageCode": "EV-Everyday",
        "color": "Clear/silver",
        "glass": "Collins/highball",
        "garnish1": "Fruit: berry/cherry",
        "garnish2": "\u00e2\u20ac\u2039placeholder",
        "garnish3": "Gin/aquavit",
        "base": "Sphere",
        "ice": "ice",
        "tags": [
            "gin",
            "grapefruit",
            "soda",
            "seltzer",
            "sphere",
            "martini",
            "lime",
            "citrus",
            "raspberry"
        ]
    },
    {
        "src": "http://untouchedcocktails.com/wp-content/uploads/2024/09/Classic-Jameson-Manhattan_EV-T.jpg",
        "cocktail": "Classic Jameson Manhattan",
        "pageCode": "EV-Everyday",
        "color": "Brown/chestnut",
        "glass": "Martini/manhattan",
        "garnish1": "Fruit: berry/cherry",
        "garnish2": " placeholder ",
        "garnish3": " placeholder ",
        "base": "Whiskey/bourbon/rye/scotch",
        "ice": "None",
        "tags": []
    },
    {
        "src": "http://untouchedcocktails.com/wp-content/uploads/2024/09/Smoky-Vodka-Sour_EV-T.jpg",
        "cocktail": "Smoky Vodka Sour",
        "pageCode": "EV-Everyday",
        "color": "Yellow/amber/blonde/gold",
        "glass": "Collins/highball",
        "garnish1": " placeholder ",
        "garnish2": " placeholder ",
        "garnish3": " placeholder ",
        "base": "Vodka",
        "ice": "Sphere",
        "tags": [
            "vodka",
            "sour",
            "smoky",
            "lemon",
            "citrus",
            "citron",
            "dram",
            "bitters",
            "martini"
        ]
    },
    {
        "src": "http://untouchedcocktails.com/wp-content/uploads/2024/08/Empress-Hibiscus-Gimlet_EV-T.jpg",
        "cocktail": "Empress Hibiscus Gimlet",
        "pageCode": "EV-Everyday",
        "color": "Blue/green",
        "glass": "Martini/manhattan",
        "garnish1": "Floral",
        "garnish2": "Fruit: berry/cherry",
        "garnish3": "\u00e2\u20ac\u2039placeholder",
        "base": "Gin/aquavit",
        "ice": "Sphere",
        "tags": [
            "empress",
            "gin",
            "hibiscus",
            "petals",
            "citrus",
            "sphere",
            "martini",
            "cherry"
        ]
    },
    {
        "src": "http://untouchedcocktails.com/wp-content/uploads/2024/09/Citrus-Gimlet-with-Butterfly-Pea-Flower-Float_EV-T.jpg",
        "cocktail": "\n\nCitrus Gimlet with Butterfly Pea Flower Float    \n\n",
        "pageCode": "EV-Everyday",
        "color": "Clear/silver",
        "glass": "Old-fashioned",
        "garnish1": "Fruit: citrus",
        "garnish2": "Floral",
        "garnish3": "\u00e2\u20ac\u2039placeholder",
        "base": "Gin/aquavit",
        "ice": "Sphere",
        "tags": [
            "gin",
            "citrus",
            "gimlet",
            "sphere ice",
            "refreshing",
            "butterfly",
            "pea",
            "flower"
        ]
    },
    {
        "src": "http://untouchedcocktails.com/wp-content/uploads/2024/08/Low-ABV-Hibiscus-Gimlet_EV-T.jpg",
        "cocktail": "Low ABV Hibiscus Gimlet",
        "pageCode": "EV-Everyday",
        "color": "Red/orange/auburn/copper",
        "glass": "Martini/manhattan",
        "garnish1": "Fruit: berry/cherry",
        "garnish2": " placeholder ",
        "garnish3": " placeholder ",
        "base": "Gin/aquavit",
        "ice": "Large cube",
        "tags": [
            "hibiscus",
            "gin",
            "ginger beer",
            "marasch",
            "lime",
            "large cube",
            "martini"
        ]
    },
    {
        "src": "http://untouchedcocktails.com/wp-content/uploads/2024/08/Draculas-Necromancer_SP-T.jpg",
        "cocktail": "Dracula\u00e2\u20ac\u2122s Necromancer",
        "pageCode": "SO-Special Occasion",
        "color": "Yellow/amber/blonde/gold",
        "glass": "Other",
        "garnish1": "Fruit: citrus",
        "garnish2": " placeholder ",
        "garnish3": " placeholder ",
        "base": "Cognac/Brandy/Other liqueur",
        "ice": "None",
        "tags": []
    },
    {
        "src": "http://untouchedcocktails.com/wp-content/uploads/2024/08/Star-Anise-Vanilla-Rum-Dram_SO-T.jpg",
        "cocktail": "Star Anise Vanilla Rum Dram",
        "pageCode": "SO-Special Occasion",
        "color": "Yellow/amber/blonde/gold",
        "glass": "Belgian/globe/tulip/goblet",
        "garnish1": "Rim/crust",
        "garnish2": "Spice",
        "garnish3": "\u00e2\u20ac\u2039placeholder",
        "base": "Rum",
        "ice": "Large cube",
        "tags": [
            "rum",
            "dark",
            "vanilla",
            "star",
            "anise",
            "hurricane",
            "tulip",
            "dram",
            "sugar",
            "rim"
        ]
    },
    {
        "src": "http://untouchedcocktails.com/wp-content/uploads/2024/08/Holiday-Old-Fashioned-and-Kir-Royale_SO-T.jpg",
        "cocktail": "Holiday Old Fashioned and Kir Royale",
        "pageCode": "SO-Special Occasion",
        "color": "Red/orange/auburn/copper",
        "glass": "Belgian/globe/tulip/goblet",
        "garnish1": "Fruit: berry/cherry",
        "garnish2": "Fruit: citrus",
        "garnish3": "\u00e2\u20ac\u2039placeholder",
        "base": "Whiskey/bourbon/rye/scotch",
        "ice": "Small cube",
        "tags": [
            "old-fashioned",
            "cranberry",
            "champagne",
            "fruit",
            "Christmas",
            "New Years",
            "Valentine",
            "flute",
            "belgian",
            "globe"
        ]
    },
    {
        "src": "http://untouchedcocktails.com/wp-content/uploads/2024/09/Strawberry-Gimlet_SO-T.jpg",
        "cocktail": "Strawberry Gimlet",
        "pageCode": "SO-Special Occasion",
        "color": "Clear/silver",
        "glass": "Martini/manhattan",
        "garnish1": "Fruit: berry/cherry",
        "garnish2": " placeholder ",
        "garnish3": " placeholder ",
        "base": "   Gin/aquavit",
        "ice": "Sphere",
        "tags": [
            "gin",
            "strawberry",
            "muddled",
            "cherry",
            "lime",
            "juice",
            "citrus",
            "sphere",
            "manhattan"
        ]
    },
    {
        "src": "http://untouchedcocktails.com/wp-content/uploads/2024/09/Orange-Ginger-Old-Fashioned_SO-T.jpg",
        "cocktail": "Orange Ginger Old Fashioned",
        "pageCode": "SO-Special Occasion",
        "color": "Yellow/amber/blonde/gold",
        "glass": "Collins/highball",
        "garnish1": "Candy",
        "garnish2": "Fruit: citrus",
        "garnish3": "\u00e2\u20ac\u2039placeholder",
        "base": "Whiskey/bourbon/rye/scotch",
        "ice": "Small cube",
        "tags": [
            "orange",
            "ginger",
            "bourbon",
            "citrus peel",
            "bitters",
            "collins"
        ]
    },
    {
        "src": "http://untouchedcocktails.com/wp-content/uploads/2024/09/Coconut-Christmas_SO-T.jpg",
        "cocktail": "Coconut Christmas",
        "pageCode": "SO-Special Occasion",
        "color": "Yellow/amber/blonde/gold",
        "glass": "Martini/manhattan",
        "garnish1": "Fruit: berry/cherry",
        "garnish2": "Rim/crust",
        "garnish3": "\u00e2\u20ac\u2039placeholder",
        "base": "Rum",
        "ice": "None",
        "tags": []
    },
    {
        "src": "http://untouchedcocktails.com/wp-content/uploads/2024/09/Lovers-Lemon-Hibiscus-Sparkler_SO-T.jpg",
        "cocktail": "Lovers Lemon Hibiscus Sparkler",
        "pageCode": "SO-Special Occasion",
        "color": "Red/orange/auburn/copper",
        "glass": "Collins/highball",
        "garnish1": "Fruit: citrus",
        "garnish2": "Rim/crust",
        "garnish3": "\u00e2\u20ac\u2039placeholder",
        "base": "Vodka",
        "ice": "Small cube",
        "tags": [
            "lemon",
            "gin",
            "seltzer",
            "collins",
            "sugar",
            "rim",
            "citrus",
            "curl",
            "hibiscus"
        ]
    },
    {
        "src": "http://untouchedcocktails.com/wp-content/uploads/2024/09/Spiced-Apple-and-Fig_SO-T.jpg",
        "cocktail": "Spiced Apple and Fig",
        "pageCode": "SO-Special Occasion",
        "color": "Red/orange/auburn/copper",
        "glass": "Champagne/Flute",
        "garnish1": "Fruit: other",
        "garnish2": "Herb",
        "garnish3": "\u00e2\u20ac\u2039placeholder",
        "base": "Gin/aquavit",
        "ice": "None",
        "tags": []
    },
    {
        "src": "http://untouchedcocktails.com/wp-content/uploads/2024/08/Birthday-Deshler_SO-T.jpg",
        "cocktail": "Birthday Deshler",
        "pageCode": "SO-Special Occasion",
        "color": "Red/orange/auburn/copper",
        "glass": "Martini/manhattan",
        "garnish1": "Fruit: citrus",
        "garnish2": "Fruit: other",
        "garnish3": "\u00e2\u20ac\u2039placeholder",
        "base": "Whiskey/bourbon/rye/scotch",
        "ice": "None",
        "tags": [
            "rye",
            "gran marnier",
            "port",
            "citrus",
            "peels",
            "zest",
            "coffee' cinnamon",
            "herbal",
            "spice",
            "peychaud",
            "bitters",
            "tonic",
            "martini"
        ]
    },
    {
        "src": "http://untouchedcocktails.com/wp-content/uploads/2024/09/Holiday-Cranberry-Manhattan_SO-T.jpg",
        "cocktail": "Holiday Cranberry Manhattan",
        "pageCode": "SO-Special Occasion",
        "color": "Brown/chestnut",
        "glass": "Collins/highball",
        "garnish1": "Fruit: berry/cherry",
        "garnish2": " placeholder ",
        "garnish3": " placeholder ",
        "base": "   Whiskey/bourbon/rye/scotch",
        "ice": "None",
        "tags": [
            "bourbon",
            "cranberry",
            "holiday",
            "sweet",
            "vermouth",
            "bitters",
            "cherry",
            "walnut",
            "martini"
        ]
    },
    {
        "src": "http://untouchedcocktails.com/wp-content/uploads/2024/09/Candy-Ribbon-Old-Fashioned_SO-T.jpg",
        "cocktail": "Ribbon Candy Old Fashioned",
        "pageCode": "SO-Special Occasion",
        "color": "Brown/chestnut",
        "glass": "Collins/highball",
        "garnish1": "Candy",
        "garnish2": " placeholder ",
        "garnish3": " placeholder ",
        "base": "   Whiskey/bourbon/rye/scotch",
        "ice": "Spine",
        "tags": []
    },
    {
        "src": "http://untouchedcocktails.com/wp-content/uploads/2024/09/Star-Anise-Margarita_FP-T.jpg",
        "cocktail": "Star Anise Margarita",
        "pageCode": "FP-Fireplace",
        "color": "Yellow/amber/blonde/gold",
        "glass": "Belgian/globe/tulip/goblet",
        "garnish1": "Spice",
        "garnish2": "Rim/crust",
        "garnish3": "\u00e2\u20ac\u2039placeholder",
        "base": "Tequila/mezcal",
        "ice": "Sphere",
        "tags": [
            "tequila",
            "canton",
            "hurricane",
            "tulip",
            "lime",
            "juice",
            "green",
            "chartreuse",
            "star",
            "anise"
        ]
    },
    {
        "src": "http://untouchedcocktails.com/wp-content/uploads/2024/09/Cranberry-sidecar_FP-T.jpg",
        "cocktail": "Cranberry Sidecar",
        "pageCode": "FP-Fireplace",
        "color": "Red/orange/auburn/copper",
        "glass": "Tornado",
        "garnish1": "Fruit: berry/cherry",
        "garnish2": " placeholder ",
        "garnish3": " placeholder ",
        "base": "   Cognac/Brandy/Other liqueur",
        "ice": "None",
        "tags": []
    },
    {
        "src": "http://untouchedcocktails.com/wp-content/uploads/2024/09/White-Negroni_FP-T.jpg",
        "cocktail": "White Negroni",
        "pageCode": "FP-Fireplace",
        "color": "Yellow/amber/blonde/gold",
        "glass": "Old-fashioned",
        "garnish1": "Fruit: citrus",
        "garnish2": " placeholder ",
        "garnish3": " placeholder ",
        "base": "Gin/aquavit",
        "ice": "Large cube",
        "tags": []
    },
    {
        "src": "http://untouchedcocktails.com/wp-content/uploads/2024/09/Holiday-Punch_FP-T.jpg",
        "cocktail": "Holiday Punch",
        "pageCode": "FP-Fireplace",
        "color": "Red/orange/auburn/copper",
        "glass": "Collins/highball",
        "garnish1": "Fruit: citrus",
        "garnish2": "Fruit: berry/cherry",
        "garnish3": "Herb",
        "base": "Vodka",
        "ice": "Spine",
        "tags": [
            "vodka",
            "cranberry",
            "pomegrante",
            "juice",
            "ginger",
            "beer",
            "citrus",
            "sprig",
            "bitters"
        ]
    },
    {
        "src": "http://untouchedcocktails.com/wp-content/uploads/2024/09/Fruity-Old-Fashioned_FP-T.jpg",
        "cocktail": "Fruity Old Fashioned",
        "pageCode": "FP-Fireplace",
        "color": "Yellow/amber/blonde/gold",
        "glass": "Belgian/globe/tulip/goblet",
        "garnish1": "Fruit: citrus",
        "garnish2": "Fruit: citrus",
        "garnish3": "\u00e2\u20ac\u2039placeholder",
        "base": "Whiskey/bourbon/rye/scotch",
        "ice": "Sphere",
        "tags": []
    },
    {
        "src": "http://untouchedcocktails.com/wp-content/uploads/2024/09/Brandy-Sangaree_FP-T.jpg",
        "cocktail": "Brandy Sangaree",
        "pageCode": "FP-Fireplace",
        "color": "Red/orange/auburn/copper",
        "glass": "Nick and Nora",
        "garnish1": " placeholder ",
        "garnish2": " placeholder ",
        "garnish3": "\u00e2\u20ac\u2039placeholder",
        "base": "Cognac/Brandy/Other liqueur",
        "ice": "None",
        "tags": []
    },
    {
        "src": "http://untouchedcocktails.com/wp-content/uploads/2024/09/Bushwick_FP-T.jpg",
        "cocktail": "Bushwick",
        "pageCode": "FP-Fireplace",
        "color": "Brown/chestnut",
        "glass": "Collins/highball",
        "garnish1": " placeholder ",
        "garnish2": " placeholder ",
        "garnish3": "\u00e2\u20ac\u2039placeholder",
        "base": "Whiskey/bourbon/rye/scotch",
        "ice": "None",
        "tags": []
    },
    {
        "src": "http://untouchedcocktails.com/wp-content/uploads/2024/09/Eggnog-martini-T.jpg",
        "cocktail": "Eggnog Martini",
        "pageCode": "FP-Fireplace",
        "color": "Brown/chestnut",
        "glass": "Martini/manhattan",
        "garnish1": "Candy",
        "garnish2": "Other",
        "garnish3": "Vodka",
        "base": "None",
        "ice": "ice",
        "tags": []
    },
    {
        "src": "http://untouchedcocktails.com/wp-content/uploads/2024/08/Martini_FP-T.jpg",
        "cocktail": "Martini",
        "pageCode": "FP-Fireplace",
        "color": "Clear/silver",
        "glass": "Martini/manhattan",
        "garnish1": "Savory: olive",
        "garnish2": "Fruit: citrus",
        "garnish3": "Gin/aquavit",
        "base": "Large cube",
        "ice": "ice",
        "tags": [
            "gin",
            "vodka",
            "dry",
            "vermouth",
            "lemon",
            "peel",
            "sphere"
        ]
    },
    {
        "src": "http://untouchedcocktails.com/wp-content/uploads/2024/09/Ported-Sweet-Manhattan-with-Aramis_FP-T.jpg",
        "cocktail": "Ported Sweet Manhattan with Aramis",
        "pageCode": "FP-Fireplace",
        "color": "Red/orange/auburn/copper",
        "glass": "Martini/manhattan",
        "garnish1": "Fruit: berry/cherry",
        "garnish2": " placeholder ",
        "garnish3": " placeholder ",
        "base": "   Whiskey/bourbon/rye/scotch",
        "ice": "None",
        "tags": [
            "bourbon",
            "port",
            "bitters",
            "sweet",
            "cherries",
            "luxardo",
            "martini",
            "cat"
        ]
    },
    {
        "src": "http://untouchedcocktails.com/wp-content/uploads/2024/08/Empress-and-Cherry-Gimlet_RO-T.jpg",
        "cocktail": "Empress and Cherry Gimlet",
        "pageCode": "RO-Romantic",
        "color": "Purple/pink",
        "glass": "Martini/manhattan",
        "garnish1": "Fruit: berry/cherry",
        "garnish2": "Other",
        "garnish3": "Gin/aquavit",
        "base": "None",
        "ice": "ice",
        "tags": [
            "gin",
            "cherry",
            "manhattan",
            "float",
            "empress",
            "butterfly",
            "pea",
            "flower"
        ]
    },
    {
        "src": "http://untouchedcocktails.com/wp-content/uploads/2024/09/Butterfly-Pea-Flower-Gimlet-with-Strawberry-Boba_SU-T.jpg",
        "cocktail": "\n\nButterfly Pea Flower Gimlet with Strawberry Boba    \n\n",
        "pageCode": "RO-Romantic",
        "color": "Purple/pink",
        "glass": "Belgian/globe/tulip/goblet",
        "garnish1": "Fruit: berry/cherry",
        "garnish2": "Other",
        "garnish3": "\u00e2\u20ac\u2039placeholder",
        "base": "Gin/aquavit",
        "ice": "Sphere",
        "tags": [
            "gin",
            "butterfly",
            "pea",
            "flower",
            "boba",
            "strawberry",
            "lime",
            "globe",
            "belgian",
            "sphere"
        ]
    },
    {
        "src": "http://untouchedcocktails.com/wp-content/uploads/2024/08/Ruby-Diamond-Elixir_RO-T.jpg",
        "cocktail": "Ruby Diamond Elixir",
        "pageCode": "RO-Romantic",
        "color": "Red/orange/auburn/copper",
        "glass": "Coupe/margarita",
        "garnish1": "Fruit: berry/cherry",
        "garnish2": "Other",
        "garnish3": "\u00e2\u20ac\u2039placeholder",
        "base": "Vodka",
        "ice": "None",
        "tags": [
            "pineapple juice",
            "vodka",
            "canton",
            "lillet blanc",
            "sloe gin",
            "coupe",
            "gold glitter",
            "dehydrated mandarin"
        ]
    },
    {
        "src": "http://untouchedcocktails.com/wp-content/uploads/2024/09/Cherry-Gin-and-Tonic_RO-T.jpg",
        "cocktail": "Cherry Gin and Tonic",
        "pageCode": "RO-Romantic",
        "color": "Clear/silver",
        "glass": "Martini/manhattan",
        "garnish1": "Fruit: berry/cherry",
        "garnish2": "Rim/crust",
        "garnish3": "Gin/aquavit",
        "base": "Sphere",
        "ice": "ice",
        "tags": [
            "floral",
            "herba",
            "l",
            "gin",
            "tonic",
            "maraschino",
            "sugar",
            "rim",
            "sphere"
        ]
    },
    {
        "src": "http://untouchedcocktails.com/wp-content/uploads/2024/08/Cranberry-Citrus-Dragon_RO-T.jpg",
        "cocktail": "Cranberry Citrus Dragon",
        "pageCode": "RO-Romantic",
        "color": "Red/orange/auburn/copper",
        "glass": "Belgian/globe/tulip/goblet",
        "garnish1": "Fruit: citrus",
        "garnish2": " placeholder ",
        "garnish3": " placeholder ",
        "base": "Vodka",
        "ice": "Sphere",
        "tags": [
            "cranberry",
            "citrus",
            "lemon",
            "globe",
            "seltzer",
            "bitters",
            "vodka"
        ]
    },
    {
        "src": "http://untouchedcocktails.com/wp-content/uploads/2024/08/Cherry-Daiquiri_RO-T.jpg",
        "cocktail": "Cherry Daiquiri",
        "pageCode": "RO-Romantic",
        "color": "Clear/silver",
        "glass": "Martini/manhattan",
        "garnish1": "Fruit: citrus",
        "garnish2": "Fruit: berry/cherry",
        "garnish3": "Rum",
        "base": "Sphere",
        "ice": "ice",
        "tags": [
            "lime",
            "cherry",
            "sweet",
            "sphere",
            "manhattan",
            "white",
            "rum",
            "granmarnier"
        ]
    },
    {
        "src": "http://untouchedcocktails.com/wp-content/uploads/2024/08/Cranberry-Orange-Gimlet_RO-T.jpg",
        "cocktail": "Cranberry Orange Gimlet",
        "pageCode": "RO-Romantic",
        "color": "Red/orange/auburn/copper",
        "glass": "Martini/manhattan",
        "garnish1": "Fruit: berry/cherry",
        "garnish2": "Rim/crust",
        "garnish3": "Gin/aquavit",
        "base": "None",
        "ice": "ice",
        "tags": [
            "cranberry",
            "orange",
            "gin",
            "juice",
            "citrus",
            "martini",
            "sugar",
            "crust"
        ]
    },
    {
        "src": "http://untouchedcocktails.com/wp-content/uploads/2024/08/Red-Rose-Gimlet-with-Sloe-Gin_RO-T.jpg",
        "cocktail": "Red Rose Gimlet with Sloe Gin",
        "pageCode": "RO-Romantic",
        "color": "Red/orange/auburn/copper",
        "glass": "Martini/manhattan",
        "garnish1": "Fruit: berry/cherry",
        "garnish2": " placeholder ",
        "garnish3": " placeholder ",
        "base": "   Gin/aquavit",
        "ice": "Rose",
        "tags": [
            "Rose",
            "sloe",
            "gin",
            "manhattan",
            "cherry",
            "maraschino",
            "citrus"
        ]
    },
    {
        "src": "http://untouchedcocktails.com/wp-content/uploads/2024/08/Nutty-Sweet-Manhattan-with-Sugar-Crust_RO-T.jpg",
        "cocktail": "Nutty Sweet Manhattan with Sugar Crust",
        "pageCode": "RO-Romantic",
        "color": "Brown/chestnut",
        "glass": "Coupe/margarita",
        "garnish1": "Rim/crust",
        "garnish2": " placeholder ",
        "garnish3": " placeholder ",
        "base": "   Whiskey/bourbon/rye/scotch",
        "ice": "None",
        "tags": [
            "bourbon",
            "scotch",
            "frangelico",
            "amaretto",
            "sweet",
            "vermouth",
            "sugar",
            "crust"
        ]
    },
    {
        "src": "http://untouchedcocktails.com/wp-content/uploads/2024/08/Hot-Cacao-Margarita_RO-T.jpg",
        "cocktail": "Hot Cacao Margarita",
        "pageCode": "RO-Romantic",
        "color": "Red/orange/auburn/copper",
        "glass": "Martini/manhattan",
        "garnish1": "Rim/crust",
        "garnish2": "Spice",
        "garnish3": "\u00e2\u20ac\u2039placeholder",
        "base": "Tequila/mezcal",
        "ice": "Large cube",
        "tags": [
            "tequila",
            "cacao",
            "agave",
            "lime",
            "salt",
            "hot peppers",
            "martini",
            "large cube"
        ]
    },
    {
        "src": "http://untouchedcocktails.com/wp-content/uploads/2024/08/Passionfruit-Daiquiri_SU-T.jpg",
        "cocktail": "Passionfruit Daiquiri",
        "pageCode": "SU-Summertime",
        "color": "Red/orange/auburn/copper",
        "glass": "Martini/manhattan",
        "garnish1": "Fruit: berry/cherry",
        "garnish2": " placeholder ",
        "garnish3": " placeholder ",
        "base": "   Rum",
        "ice": "Large cube",
        "tags": [
            "rum",
            "passion fruit juice",
            "cherry",
            "strawberry",
            "citrus juice",
            "martini"
        ]
    },
    {
        "src": "http://untouchedcocktails.com/wp-content/uploads/2024/08/Cucumber-Experience_SU-T.jpg",
        "cocktail": "Cucumber Experience",
        "pageCode": "SU-Summertime",
        "color": "Clear/silver",
        "glass": "Martini/manhattan",
        "garnish1": "Savory: other",
        "garnish2": "Herb",
        "garnish3": "Gin/aquavit",
        "base": "Sphere",
        "ice": "ice",
        "tags": [
            "gin",
            "cucumber",
            "basil",
            "lemon",
            "pepper",
            "elderflower",
            "canton",
            "martini",
            "globe",
            "muddled",
            "float",
            "champagne",
            "seltzer"
        ]
    },
    {
        "src": "http://untouchedcocktails.com/wp-content/uploads/2024/08/Orange-Cherry-Mezcal-Margarita_SU-T.jpg",
        "cocktail": "Orange Cherry Mezcal Margarita",
        "pageCode": "SU-Summertime",
        "color": "Red/orange/auburn/copper",
        "glass": "Coupe/margarita",
        "garnish1": "Rim/crust",
        "garnish2": "Fruit: berry/cherry",
        "garnish3": "Fruit: citrus",
        "base": "Tequila/mezcal",
        "ice": "None",
        "tags": [
            "mezcal",
            "calvados",
            "cherries",
            "amaretto",
            "martini",
            "orange",
            "curl",
            "extract",
            "salt",
            "rim"
        ]
    },
    {
        "src": "http://untouchedcocktails.com/wp-content/uploads/2024/08/Hibiscus-Sunrise_SU-T.jpg",
        "cocktail": "Hibiscus Sunrise",
        "pageCode": "SU-Summertime",
        "color": "Red/orange/auburn/copper",
        "glass": "Belgian/globe/tulip/goblet",
        "garnish1": "Fruit: citrus",
        "garnish2": " placeholder ",
        "garnish3": " placeholder ",
        "base": "Tequila/mezcal",
        "ice": "Sphere",
        "tags": [
            "tequila",
            "mezcal",
            "hibiscus",
            "gin",
            "orange",
            "peel",
            "curl",
            "juice",
            "globe",
            "belgian"
        ]
    },
    {
        "src": "http://untouchedcocktails.com/wp-content/uploads/2024/08/Blackberry-Sour_SU-T.jpg",
        "cocktail": "Blackberry Sour",
        "pageCode": "SU-Summertime",
        "color": "Purple/pink",
        "glass": "Old-fashioned",
        "garnish1": "Fruit: berry/cherry",
        "garnish2": "Herb",
        "garnish3": "Whiskey/bourbon/rye/scotch",
        "base": "Small cube",
        "ice": "ice",
        "tags": [
            "bourbon",
            "rye",
            "blackbery",
            "sour",
            "cubes",
            "old-fashioned",
            "bitters",
            "muddled",
            "elderflower",
            "canton",
            "cranberry"
        ]
    },
    {
        "src": "http://untouchedcocktails.com/wp-content/uploads/2024/08/Blushing-Gimlet_SU-T.jpg",
        "cocktail": "Blushing Gimlet",
        "pageCode": "SU-Summertime",
        "color": "Purple/pink",
        "glass": "Coupe/margarita",
        "garnish1": "Fruit: berry/cherry",
        "garnish2": " placeholder ",
        "garnish3": " placeholder ",
        "base": "   Gin/aquavit",
        "ice": "None",
        "tags": [
            "gin",
            "hibiscus",
            "cherry",
            "coupe",
            "lime",
            "juice"
        ]
    },
    {
        "src": "http://untouchedcocktails.com/wp-content/uploads/2024/08/Watermelon-Rose-Daiquiri_SU-T.jpg",
        "cocktail": "Watermelon Rose Daiquiri",
        "pageCode": "SU-Summertime",
        "color": "Red/orange/auburn/copper",
        "glass": "Belgian/globe/tulip/goblet",
        "garnish1": " placeholder ",
        "garnish2": " placeholder ",
        "garnish3": "\u00e2\u20ac\u2039placeholder",
        "base": "Rum",
        "ice": "Rose",
        "tags": [
            "watermelon",
            "puree",
            "rum",
            "lim",
            "maraschino",
            "limoncello",
            "globe",
            "rose",
            "belgian"
        ]
    },
    {
        "src": "http://untouchedcocktails.com/wp-content/uploads/2024/08/Summer-Sour-Bourbon_SU-T.jpg",
        "cocktail": "Summer Sour Bourbon",
        "pageCode": "SU-Summertime",
        "color": "Red/orange/auburn/copper",
        "glass": "Collins/highball",
        "garnish1": "Rim/crust",
        "garnish2": "Fruit: citrus",
        "garnish3": "Other",
        "base": "Whiskey/bourbon/rye/scotch",
        "ice": "Large cube",
        "tags": [
            "bourbon",
            "lemon juice",
            "gomme",
            "cherry",
            "lemon curls",
            "zest",
            "nutritional yeast",
            "syrup",
            "large cubes",
            "highball"
        ]
    },
    {
        "src": "http://untouchedcocktails.com/wp-content/uploads/2024/08/Watermelon-Margarita_SU-T.jpg",
        "cocktail": "Watermelon Margarita",
        "pageCode": "SU-Summertime",
        "color": "Red/orange/auburn/copper",
        "glass": "Coupe/margarita",
        "garnish1": "Rim/crust",
        "garnish2": "Fruit: other",
        "garnish3": "\u00e2\u20ac\u2039placeholder",
        "base": "Tequila/mezcal",
        "ice": "None",
        "tags": [
            "tequila",
            "agave",
            "lime",
            "watermelon",
            "juice",
            "smoke",
            "salt",
            "rim",
            "coupe",
            "rice paper flowers"
        ]
    },
    {
        "src": "http://untouchedcocktails.com/wp-content/uploads/2024/08/Orange-Amaretto-Sidecar_SU-T.jpg",
        "cocktail": "Orange Amaretto Sidecar",
        "pageCode": "SU-Summertime",
        "color": "Red/orange/auburn/copper",
        "glass": "Wine",
        "garnish1": "Fruit: citrus",
        "garnish2": " placeholder ",
        "garnish3": " placeholder ",
        "base": "Cognac/Brandy/Other liqueur",
        "ice": "None",
        "tags": [
            "amaretto",
            "gran marnier",
            "orange",
            "wine glass",
            "white balsamic",
            "key lime"
        ]
    },
    {
        "src": "http://untouchedcocktails.com/wp-content/uploads/2024/08/Ginger-Hibiscus-Gin-and-Tonic_SU-T.jpg",
        "cocktail": "Ginger Hibiscus Gin and Tonic",
        "pageCode": "SU-Summertime",
        "color": "Clear/silver",
        "glass": "Collins/highball",
        "garnish1": "Fruit: citrus",
        "garnish2": "Other",
        "garnish3": "Gin/aquavit",
        "base": "Large cube",
        "ice": "ice",
        "tags": [
            "ginger",
            "hibiscus",
            "gin",
            "tonic",
            "lime",
            "collins"
        ]
    },
    {
        "src": "http://untouchedcocktails.com/wp-content/uploads/2024/08/Layered-Gimlet_SU-T.jpg",
        "cocktail": "Layered Gimlet",
        "pageCode": "SU-Summertime",
        "color": "Red/orange/auburn/copper",
        "glass": "Tornado",
        "garnish1": "Fruit: berry/cherry",
        "garnish2": " placeholder ",
        "garnish3": " placeholder ",
        "base": "   Gin/aquavit",
        "ice": "Sphere",
        "tags": [
            "tornado",
            "cherry",
            "maraschino",
            "grenadine",
            "gin",
            "citrus",
            "lime",
            "sphere"
        ]
    },
    {
        "src": "http://untouchedcocktails.com/wp-content/uploads/2024/08/Garden-Refresher_SU-T.jpg",
        "cocktail": "Garden Refresher",
        "pageCode": "SU-Summertime",
        "color": "Red/orange/auburn/copper",
        "glass": "Collins/highball",
        "garnish1": "Other",
        "garnish2": " placeholder ",
        "garnish3": " placeholder ",
        "base": "Gin/aquavit",
        "ice": "Large cube",
        "tags": [
            "gin",
            "tomato water",
            "brandy",
            "fruit",
            "bitter",
            "salt",
            "sloe",
            "balsamic",
            "large cubes",
            "cherry tomato",
            "cucumber",
            "black walnut",
            "soda",
            "lime"
        ]
    },
    {
        "src": "http://untouchedcocktails.com/wp-content/uploads/2024/08/Summer-Rum-Punch_SU-T.jpg",
        "cocktail": "Summer Rum Punch",
        "pageCode": "SU-Summertime",
        "color": "Red/orange/auburn/copper",
        "glass": "Collins/highball",
        "garnish1": "Fruit: berry/cherry",
        "garnish2": "Fruit: citrus",
        "garnish3": "\u00e2\u20ac\u2039placeholder",
        "base": "Rum",
        "ice": "Large cube",
        "tags": [
            "white rum",
            "dark rum",
            "high-proof rum",
            "lime",
            "pineapple",
            "juice",
            "grenadine",
            "champagne",
            "luxardo",
            "raspberry-orange",
            "highball",
            "large cubes"
        ]
    },
    {
        "src": "http://untouchedcocktails.com/wp-content/uploads/2024/08/Ginger-Peach-Flower-Garden-No-ABV_SU-T.jpg",
        "cocktail": "Ginger Peach Flower Garden-NO ABV",
        "pageCode": "SU-Summertime",
        "color": "Red/orange/auburn/copper",
        "glass": "Martini/manhattan",
        "garnish1": "Floral",
        "garnish2": "Fruit: citrus",
        "garnish3": "\u00e2\u20ac\u2039placeholder",
        "base": "Non-alcoholic",
        "ice": "Large cube",
        "tags": [
            "seedlipgrove",
            "hibiscus",
            "peach",
            "ginger",
            "bitters",
            "ginger beer",
            "butterfly pea flower",
            "rose",
            "gomme"
        ]
    },
    {
        "src": "http://untouchedcocktails.com/wp-content/uploads/2024/09/Bourbon-Old-fashioned_AU-T-2.jpg",
        "cocktail": "Bourbon Old Fashioned",
        "pageCode": "AU-Autumnal",
        "color": "Yellow/amber/blonde/gold",
        "glass": "Collins/highball",
        "garnish1": "Fruit: berry/cherry",
        "garnish2": "Fruit: citrus",
        "garnish3": "Candy",
        "base": "Whiskey/bourbon/rye/scotch",
        "ice": "Small cube",
        "tags": []
    },
    {
        "src": "http://untouchedcocktails.com/wp-content/uploads/2024/08/Fall-Daiquiri_AU-T.jpg",
        "cocktail": "Fall Daiquiri",
        "pageCode": "AU-Autumnal",
        "color": "Red/orange/auburn/copper",
        "glass": "Belgian/globe/tulip/goblet",
        "garnish1": "Fruit: citrus",
        "garnish2": "Fruit: berry/cherry",
        "garnish3": "\u00e2\u20ac\u2039placeholder",
        "base": "Rum",
        "ice": "Large cube",
        "tags": [
            "rum",
            "hi-proof",
            "fruit",
            "orange",
            "tabasco",
            "canton",
            "granmarnier",
            "gold",
            "maraschino",
            "clementine",
            "globe"
        ]
    },
    {
        "src": "http://untouchedcocktails.com/wp-content/uploads/2024/08/Blood-and-Sand-Riff_AU-T.jpg",
        "cocktail": "Blood and Sand Riff",
        "pageCode": "AU-Autumnal",
        "color": "Red/orange/auburn/copper",
        "glass": "Martini/manhattan",
        "garnish1": "Fruit: citrus",
        "garnish2": "Fruit: berry/cherry",
        "garnish3": "Whiskey/bourbon/rye/scotch",
        "base": "Large cube",
        "ice": "ice",
        "tags": [
            "scotch",
            "beet",
            "granmarnier",
            "cherry",
            "smoked",
            "bitters",
            "sweet",
            "vermouth",
            "martini",
            "orange",
            "peel",
            "lemon",
            "lime",
            "juice"
        ]
    },
    {
        "src": "http://untouchedcocktails.com/wp-content/uploads/2024/08/Cherry-Limoncello-Gin-and-Tonic_AU-T.jpg",
        "cocktail": "Cherry Limoncello Gin and Tonic",
        "pageCode": "AU-Autumnal",
        "color": "Red/orange/auburn/copper",
        "glass": "Belgian/globe/tulip/goblet",
        "garnish1": "Fruit: berry/cherry",
        "garnish2": " placeholder ",
        "garnish3": " placeholder ",
        "base": "Gin/aquavit",
        "ice": "Large cube",
        "tags": [
            "cherries",
            "gin",
            "tonic",
            "limoncello",
            "globe",
            "bitters",
            "large cube"
        ]
    },
    {
        "src": "http://untouchedcocktails.com/wp-content/uploads/2024/08/Burning-Bush-Gimlet_AU-T.jpg",
        "cocktail": "Burning Bush Gimlet",
        "pageCode": "AU-Autumnal",
        "color": "Red/orange/auburn/copper",
        "glass": "Martini/manhattan",
        "garnish1": "Fruit: berry/cherry",
        "garnish2": "None",
        "garnish3": "garnish3",
        "base": "base",
        "ice": "ice",
        "tags": [
            "gin",
            "lime",
            "cranberry",
            "bitters",
            "maraschino",
            "cherry"
        ]
    },
    {
        "src": "http://untouchedcocktails.com/wp-content/uploads/2024/08/Ginger-Cider-Cosmo_AU-T.jpg",
        "cocktail": "Cider Ginger Cosmo",
        "pageCode": "AU-Autumnal",
        "color": "Yellow/amber/blonde/gold",
        "glass": "Martini/manhattan",
        "garnish1": "Fruit: berry/cherry",
        "garnish2": "Spice",
        "garnish3": "Vodka",
        "base": "None",
        "ice": "ice",
        "tags": [
            "gin",
            "cider",
            "appleblossom",
            "bitters",
            "cinnamon",
            "stick",
            "cranberry",
            "lemon"
        ]
    },
    {
        "src": "http://untouchedcocktails.com/wp-content/uploads/2024/08/Fig-infused-Bourbon-Manhattan_AU-T.jpg",
        "cocktail": "Fig-infused Bourbon Manhattan",
        "pageCode": "AU-Autumnal",
        "color": "Brown/chestnut",
        "glass": "Martini/manhattan",
        "garnish1": "Fruit: berry/cherry",
        "garnish2": " placeholder ",
        "garnish3": " placeholder ",
        "base": "   Whiskey/bourbon/rye/scotch",
        "ice": "None",
        "tags": [
            "Bourbon",
            "fig",
            "cranberry",
            "bitters",
            "luxardo",
            "globe",
            "sweet",
            "vermouth"
        ]
    },
    {
        "src": "http://untouchedcocktails.com/wp-content/uploads/2024/08/Workshop-Beer-Cocktail_AU-T.jpg",
        "cocktail": "Workshop Beer Cocktail",
        "pageCode": "AU-Autumnal",
        "color": "Yellow/amber/blonde/gold",
        "glass": "Belgian/globe/tulip/goblet",
        "garnish1": "Fruit: citrus",
        "garnish2": "Rim/crust",
        "garnish3": "Spice",
        "base": "Gin/aquavit",
        "ice": "Sphere",
        "tags": [
            "gin",
            "vodka",
            "beer",
            "citrus",
            "ginger",
            "grapefruit",
            "bitters",
            "sausage seasoning",
            "globe",
            "sphere"
        ]
    },
    {
        "src": "http://untouchedcocktails.com/wp-content/uploads/2024/08/Standard-Gimlet_AU-T.jpg",
        "cocktail": "Standard Gimlet",
        "pageCode": "AU-Autumnal",
        "color": "Red/orange/auburn/copper",
        "glass": "Martini/manhattan",
        "garnish1": "Fruit: berry/cherry",
        "garnish2": " placeholder ",
        "garnish3": " placeholder ",
        "base": "Gin/aquavit",
        "ice": "Large cube",
        "tags": [
            "gin",
            "maraschino",
            "lime",
            "juice",
            "gomme",
            "martini",
            "large cube"
        ]
    },
    {
        "src": "http://untouchedcocktails.com/wp-content/uploads/2024/08/Old-Fashioned_AU-T.jpg",
        "cocktail": "Old Fashioned",
        "pageCode": "AU-Autumnal",
        "color": "Brown/chestnut",
        "glass": "Old-fashioned",
        "garnish1": "Fruit: berry/cherry",
        "garnish2": "Fruit: citrus",
        "garnish3": "Candy",
        "base": "Whiskey/bourbon/rye/scotch",
        "ice": "Large cube",
        "tags": [
            "bourbon",
            "angostura",
            "soda",
            "orange",
            "cherry",
            "large cube",
            "sugar stick"
        ]
    },
    {
        "src": "http://untouchedcocktails.com/wp-content/uploads/2024/08/Fall-Cherry-Mezcal-and-Rum-Cocktail_AU-T.jpg",
        "cocktail": "Fall Cherry Mezcal and Rum Cocktail",
        "pageCode": "AU-Autumnal",
        "color": "Red/orange/auburn/copper",
        "glass": "Martini/manhattan",
        "garnish1": "Fruit: berry/cherry",
        "garnish2": " placeholder ",
        "garnish3": " placeholder ",
        "base": "Tequila/mezcal",
        "ice": "Large cube",
        "tags": [
            "run",
            "tequila",
            "cherry",
            "infused",
            "hard cider",
            "cherries",
            "martini",
            "large cube",
            "maple"
        ]
    },
    {
        "src": "http://untouchedcocktails.com/wp-content/uploads/2024/08/Fall-Apple-Snap_AU-T.jpg",
        "cocktail": "Fall Apple Snap",
        "pageCode": "AU-Autumnal",
        "color": "Purple/pink",
        "glass": "Martini/manhattan",
        "garnish1": "Fruit: other",
        "garnish2": " placeholder ",
        "garnish3": " placeholder ",
        "base": "Gin/aquavit",
        "ice": "Large cube",
        "tags": [
            "gin",
            "apple",
            "puree",
            "gomme",
            "grenadine",
            "lemon",
            "juice",
            "slice",
            "martini",
            "bitters",
            "large cube",
            "hard cider"
        ]
    },
    {
        "src": "http://untouchedcocktails.com/wp-content/uploads/2024/08/Tomahawk-Revisionist_AU-T.jpg",
        "cocktail": "Tomahawk Revisionist",
        "pageCode": "AU-Autumnal",
        "color": "Brown/chestnut",
        "glass": "Old-fashioned",
        "garnish1": "Fruit: citrus",
        "garnish2": " placeholder ",
        "garnish3": " placeholder ",
        "base": "Whiskey/bourbon/rye/scotch",
        "ice": "Large cube",
        "tags": [
            "Bourbon",
            "ancho reyes",
            "honey/red wine syrup",
            "lime juice",
            "peychaud",
            "wormwood",
            "aromatic bitters",
            "old fashioned",
            "lg cube",
            "lime slice"
        ]
    },
    {
        "src": "http://untouchedcocktails.com/wp-content/uploads/2024/08/Ginger-Peach-n-Scotch_AU-T.jpg",
        "cocktail": "Ginger Peach \u00e2\u20ac\u02dcn\u00e2\u20ac\u2122 Scotch",
        "pageCode": "AU-Autumnal",
        "color": "Yellow/amber/blonde/gold",
        "glass": "Belgian/globe/tulip/goblet",
        "garnish1": "Fruit: citrus",
        "garnish2": " placeholder ",
        "garnish3": "Whiskey/bourbon/rye/scotch",
        "base": "Large cube",
        "ice": "ice",
        "tags": []
    },
    {
        "src": "http://untouchedcocktails.com/wp-content/uploads/2024/08/Burning-Bush_AU-T.jpg",
        "cocktail": "Burning Bush",
        "pageCode": "AU-Autumnal",
        "color": "Red/orange/auburn/copper",
        "glass": "Old-fashioned",
        "garnish1": "Fruit: berry/cherry",
        "garnish2": " placeholder ",
        "garnish3": " placeholder ",
        "base": "Whiskey/bourbon/rye/scotch",
        "ice": "Large cube",
        "tags": [
            "gin",
            "lime",
            "cranberry",
            "bitters",
            "maraschino",
            "cherry"
        ]
    },
    {
        "src": "http://untouchedcocktails.com/wp-content/uploads/2024/08/Saffron-Circles-Martini_SP-T.jpg",
        "cocktail": "Saffron Circles Martini",
        "pageCode": "SP-Springtime",
        "color": "Clear/silver",
        "glass": "Martini/manhattan",
        "garnish1": "Spice",
        "garnish2": "Savory: olive",
        "garnish3": "Other",
        "base": "Gin/aquavit",
        "ice": "None",
        "tags": [
            "gin",
            "dry vermouth",
            "olives",
            "saffron",
            "oil-based food coloring",
            "martini"
        ]
    },
    {
        "src": "http://untouchedcocktails.com/wp-content/uploads/2024/08/Japanese-Cherry-Blossom_SP-T.jpg",
        "cocktail": "Japanese Cherry Blossom",
        "pageCode": "SP-Springtime",
        "color": "Red/orange/auburn/copper",
        "glass": "Wine",
        "garnish1": "Fruit: berry/cherry",
        "garnish2": " placeholder ",
        "garnish3": " placeholder ",
        "base": "   Vodka",
        "ice": "Sphere",
        "tags": [
            "vodka",
            "ginger",
            "beer",
            "cherry",
            "luxardo",
            "lime juice",
            "wine glass"
        ]
    },
    {
        "src": "http://untouchedcocktails.com/wp-content/uploads/2024/08/Anise-Cherry-Spice_SP-T.jpg",
        "cocktail": "Anise Cherry Spice",
        "pageCode": "SP-Springtime",
        "color": "Red/orange/auburn/copper",
        "glass": "Martini/manhattan",
        "garnish1": "Fruit: berry/cherry",
        "garnish2": " placeholder ",
        "garnish3": " placeholder ",
        "base": "Sake",
        "ice": "Sphere",
        "tags": []
    },
    {
        "src": "http://untouchedcocktails.com/wp-content/uploads/2024/09/Dark-and-stormy_SP-T-1-rotated.jpg",
        "cocktail": "Dark and Stormy",
        "pageCode": "SP-Springtime",
        "color": "Brown/chestnut",
        "glass": "Collins/highball",
        "garnish1": "Candy",
        "garnish2": "Fruit: citrus",
        "garnish3": "Rum",
        "base": "Small cube",
        "ice": "ice",
        "tags": []
    },
    {
        "src": "http://untouchedcocktails.com/wp-content/uploads/2024/08/Le-Gran-Louis-Martini_SP-T.jpg",
        "cocktail": "Le Gran Louis Martini",
        "pageCode": "SP-Springtime",
        "color": "Yellow/amber/blonde/gold",
        "glass": "Nick and Nora",
        "garnish1": "Herb",
        "garnish2": " placeholder ",
        "garnish3": " placeholder ",
        "base": "Cognac/Brandy/Other liqueur",
        "ice": "None",
        "tags": [
            "gran marnier",
            "dry vermouth",
            "orange bitter",
            "grapefruit bitters",
            "cardamom bitters",
            "lemon peel spritz",
            "rosemary spring",
            "Nick and nora"
        ]
    },
    {
        "src": "http://untouchedcocktails.com/wp-content/uploads/2024/08/Cloverleaf_SP-T.jpg",
        "cocktail": "Cloverleaf",
        "pageCode": "SP-Springtime",
        "color": "Purple/pink",
        "glass": "Coupe/margarita",
        "garnish1": "Herb",
        "garnish2": " placeholder ",
        "garnish3": " placeholder ",
        "base": "Gin/aquavit",
        "ice": "None",
        "tags": [
            "gin",
            "lemon juice",
            "cream",
            "grenadine",
            "mint sprig",
            "coupe"
        ]
    },
    {
        "src": "http://untouchedcocktails.com/wp-content/uploads/2024/08/Rhubarb-Green-Giant_SP-T.jpg",
        "cocktail": "Rhubarb Green Giant",
        "pageCode": "SP-Springtime",
        "color": "Blue/green",
        "glass": "Old-fashioned",
        "garnish1": "Savory: other",
        "garnish2": " Gin/aquavit",
        "garnish3": "Sphere",
        "base": "base",
        "ice": "ice",
        "tags": [
            "gin",
            "snap peas",
            "tarragon",
            "gomme",
            "lemon",
            "rhubarb",
            "bitters",
            "salt",
            "dry vermouth"
        ]
    },
    {
        "src": "http://untouchedcocktails.com/wp-content/uploads/2024/08/Daiquiri-with-Mango-Boba_SP-T.jpg",
        "cocktail": "Daiquiri with Mango Boba",
        "pageCode": "SP-Springtime",
        "color": "Yellow/amber/blonde/gold",
        "glass": "Martini/manhattan",
        "garnish1": "Fruit: citrus",
        "garnish2": "Candy",
        "garnish3": "Rum",
        "base": "Large cube",
        "ice": "ice",
        "tags": [
            "rum",
            "lime",
            "mango",
            "boba",
            "cube",
            "lemon",
            "curl",
            "manhattan"
        ]
    },
    {
        "src": "http://untouchedcocktails.com/wp-content/uploads/2024/08/Lychee-Rose_SP-T.jpg",
        "cocktail": "Lychee Rose",
        "pageCode": "SP-Springtime",
        "color": "Purple/pink",
        "glass": "Coupe/margarita",
        "garnish1": "Floral",
        "garnish2": " placeholder ",
        "garnish3": " placeholder ",
        "base": "Tequila/mezcal",
        "ice": "None",
        "tags": [
            "tequila",
            "lychee",
            "salt",
            "strawberry",
            "elderflower",
            "orange liqueur",
            "lime",
            "dry vermouth",
            "rose petals",
            "hibiscus petal",
            "peache bitters"
        ]
    },
    {
        "src": "http://untouchedcocktails.com/wp-content/uploads/2024/08/Savory-Carrot-Margarita_SP-T.jpg",
        "cocktail": "Savory Carrot Margarita",
        "pageCode": "SP-Springtime",
        "color": "Red/orange/auburn/copper",
        "glass": "Belgian/globe/tulip/goblet",
        "garnish1": "Savory: other",
        "garnish2": "Rim/crust",
        "garnish3": "\u00e2\u20ac\u2039placeholder",
        "base": "Tequila/mezcal",
        "ice": "Large cube",
        "tags": [
            "tequila",
            "lime",
            "combier",
            "carrots",
            "rim",
            "crust",
            "salt",
            "sugar",
            "large cube",
            "dry vermouth",
            "tulip"
        ]
    },
    {
        "src": "http://untouchedcocktails.com/wp-content/uploads/2024/08/Brandy-Daisy_SP-T.jpg",
        "cocktail": "Brandy Daisy",
        "pageCode": "SP-Springtime",
        "color": "Yellow/amber/blonde/gold",
        "glass": "Martini/manhattan",
        "garnish1": "Fruit: citrus",
        "garnish2": " placeholder ",
        "garnish3": " placeholder ",
        "base": "Cognac/Brandy/Other liqueur",
        "ice": "Large cube",
        "tags": [
            "brandy",
            "lemon",
            "anise",
            "saffron",
            "orange liqueur",
            "honey",
            "soda",
            "martini",
            "large cube",
            "lemon curl"
        ]
    },
    {
        "src": "http://untouchedcocktails.com/wp-content/uploads/2024/08/Bourbon-Harlequin_SP-T.jpg",
        "cocktail": "Bourbon Harlequin",
        "pageCode": "SP-Springtime",
        "color": "Yellow/amber/blonde/gold",
        "glass": "Old-fashioned",
        "garnish1": "Foam",
        "garnish2": "Fruit: other",
        "garnish3": "Whiskey/bourbon/rye/scotch",
        "base": "Large cube",
        "ice": "ice",
        "tags": [
            "bourbon",
            "lemon",
            "limoncello",
            "campari",
            "egg white",
            "oil-based food coloring",
            "finre tincture",
            "sambucca",
            "ginger beer",
            "orange liqueur"
        ]
    },
    {
        "src": "http://untouchedcocktails.com/wp-content/uploads/2024/08/Army-and-Navy_SP-T.jpg",
        "cocktail": "Army and Navy",
        "pageCode": "SP-Springtime",
        "color": "Clear/silver",
        "glass": "Martini/manhattan",
        "garnish1": "Fruit: citrus",
        "garnish2": "Candy",
        "garnish3": "Gin/aquavit",
        "base": "None",
        "ice": "ice",
        "tags": [
            "gin",
            "orgeat",
            "lemon",
            "angostura",
            "candied ginger",
            "dehydrated lemon",
            "martini"
        ]
    },
    {
        "src": "http://untouchedcocktails.com/wp-content/uploads/2024/08/Cantaloupe-Nutmeg-Cooler_SP-T.jpg",
        "cocktail": "Cantaloupe Nutmeg Cooler",
        "pageCode": "SP-Springtime",
        "color": "Red/orange/auburn/copper",
        "glass": "Other",
        "garnish1": "Fruit: berry/cherry",
        "garnish2": " placeholder ",
        "garnish3": " placeholder ",
        "base": "  Vodka",
        "ice": "Sphere",
        "tags": [
            "cantaloupe puree",
            "vodka",
            "orgeat",
            "luxardo",
            "butterfly pea flower",
            "lime",
            "strawberries",
            "nutmeg",
            "beer glass"
        ]
    },
    {
        "src": "http://untouchedcocktails.com/wp-content/uploads/2024/08/Sazarac-Old-Fashioned_WI-T.jpg",
        "cocktail": "Sazarac Old Fashioned",
        "pageCode": "WI-Wintertime",
        "color": "Red/orange/auburn/copper",
        "glass": "Old-fashioned",
        "garnish1": "Fruit: citrus",
        "garnish2": " placeholder ",
        "garnish3": " placeholder ",
        "base": "   Whiskey/bourbon/rye/scotch",
        "ice": "Large cube",
        "tags": [
            "sazarac",
            "soda",
            "smoked",
            "cherry",
            "bitters",
            "orange",
            "slice",
            "maple",
            "syrup"
        ]
    },
    {
        "src": "http://untouchedcocktails.com/wp-content/uploads/2024/08/Bourbon-Sipper_WI-T.jpg",
        "cocktail": "Bourbon Sipper",
        "pageCode": "WI-Wintertime",
        "color": "Red/orange/auburn/copper",
        "glass": "Belgian/globe/tulip/goblet",
        "garnish1": "Fruit: citrus",
        "garnish2": "Fruit: berry/cherry",
        "garnish3": "\u00e2\u20ac\u2039placeholder",
        "base": "Whiskey/bourbon/rye/scotch",
        "ice": "Large cube",
        "tags": [
            "bourbon",
            "orange",
            "peel",
            "granmarnier",
            "hurricane",
            "cube",
            "maraschino",
            "drizzle",
            "ginger",
            "bitters"
        ]
    },
    {
        "src": "http://untouchedcocktails.com/wp-content/uploads/2024/08/Twilight-Gimlet_WI-T.jpg",
        "cocktail": "Twilight Gimlet",
        "pageCode": "WI-Wintertime",
        "color": "Clear/silver",
        "glass": "Martini/manhattan",
        "garnish1": "Fruit: berry/cherry",
        "garnish2": " placeholder ",
        "garnish3": " placeholder ",
        "base": "   Gin/aquavit",
        "ice": "None",
        "tags": [
            "gin",
            "lime",
            "blackberry",
            "raspberry",
            "hibiscus"
        ]
    },
    {
        "src": "http://untouchedcocktails.com/wp-content/uploads/2024/08/Winter-Sloe-Gin-Fizz_WI-T.jpg",
        "cocktail": "Winter Sloe Gin Fizz",
        "pageCode": "WI-Wintertime",
        "color": "Red/orange/auburn/copper",
        "glass": "Martini/manhattan",
        "garnish1": "Fruit: berry/cherry",
        "garnish2": "Fruit: citrus",
        "garnish3": "Gin/aquavit",
        "base": "None",
        "ice": "ice",
        "tags": []
    },
    {
        "src": "http://untouchedcocktails.com/wp-content/uploads/2024/08/Perfect-Manhattan_WI-T.jpg",
        "cocktail": "Perfect Manhattan",
        "pageCode": "WI-Wintertime",
        "color": "Clear/silver",
        "glass": "Martini/manhattan",
        "garnish1": "Fruit: citrus",
        "garnish2": " placeholder ",
        "garnish3": " placeholder ",
        "base": "   Whiskey/bourbon/rye/scotch",
        "ice": "Large cube",
        "tags": [
            "rye",
            "bourbon",
            "bitters",
            "sweet",
            "vermouth",
            "dry",
            "orange",
            "peel",
            "sphere"
        ]
    },
    {
        "src": "http://untouchedcocktails.com/wp-content/uploads/2024/08/Coffee-Chai-Gin-and-Tonic_WI-T.jpg",
        "cocktail": "Coffee Chai Gin and Tonic",
        "pageCode": "WI-Wintertime",
        "color": "Yellow/amber/blonde/gold",
        "glass": "Collins/highball",
        "garnish1": "Savory: other",
        "garnish2": " placeholder ",
        "garnish3": " placeholder ",
        "base": "   Gin/aquavit",
        "ice": "Large cube",
        "tags": [
            "coffee",
            "beans",
            "gin",
            "tonic",
            "chai",
            "cider",
            "demarara",
            "cardamom",
            "bitters",
            "cubes"
        ]
    },
    {
        "src": "http://untouchedcocktails.com/wp-content/uploads/2024/08/Tootsie-Roll_WI-T.jpg",
        "cocktail": "Tootsie Roll",
        "pageCode": "WI-Wintertime",
        "color": "Brown/chestnut",
        "glass": "Belgian/globe/tulip/goblet",
        "garnish1": "Fruit: berry/cherry",
        "garnish2": " placeholder ",
        "garnish3": " placeholder ",
        "base": "Whiskey/bourbon/rye/scotch",
        "ice": "Sphere",
        "tags": [
            "rye",
            "chocolate",
            "bitters",
            "sherry",
            "luxardo cherry",
            "sphere",
            "goblet"
        ]
    }
]